{
    "Random Forest": {
        "classification_report": {
            "0": {
                "precision": 0.9742776169059207,
                "recall": 0.9814734359483615,
                "f1-score": 0.9778622885941316,
                "support": 32224.0
            },
            "1": {
                "precision": 0.9850045212498744,
                "recall": 0.9791510611735331,
                "f1-score": 0.9820690691442738,
                "support": 40050.0
            },
            "accuracy": 0.9801865124387746,
            "macro avg": {
                "precision": 0.9796410690778976,
                "recall": 0.9803122485609472,
                "f1-score": 0.9799656788692027,
                "support": 72274.0
            },
            "weighted avg": {
                "precision": 0.9802218363897648,
                "recall": 0.9801865124387746,
                "f1-score": 0.9801934389529495,
                "support": 72274.0
            }
        },
        "model_size_mb": 54.55214786529541
    },
    "Histogram-based Gradient Boosting Classification Tree": {
        "classification_report": {
            "0": {
                "precision": 0.9463815990701657,
                "recall": 0.9601849553128103,
                "f1-score": 0.9532333097137928,
                "support": 32224.0
            },
            "1": {
                "precision": 0.9675846387064174,
                "recall": 0.9562297128589263,
                "f1-score": 0.9618736657038804,
                "support": 40050.0
            },
            "accuracy": 0.9579931925727094,
            "macro avg": {
                "precision": 0.9569831188882916,
                "recall": 0.9582073340858683,
                "f1-score": 0.9575534877088366,
                "support": 72274.0
            },
            "weighted avg": {
                "precision": 0.9581310765784244,
                "recall": 0.9579931925727094,
                "f1-score": 0.9580212868204011,
                "support": 72274.0
            }
        },
        "model_size_mb": 1.884521484375
    },
    "Gradient Boosting": {
        "classification_report": {
            "0": {
                "precision": 0.9305938285437423,
                "recall": 0.9536680734856008,
                "f1-score": 0.9419896700231428,
                "support": 32224.0
            },
            "1": {
                "precision": 0.9619627525413366,
                "recall": 0.9427715355805243,
                "f1-score": 0.9522704631719651,
                "support": 40050.0
            },
            "accuracy": 0.9476298530591915,
            "macro avg": {
                "precision": 0.9462782905425394,
                "recall": 0.9482198045330625,
                "f1-score": 0.9471300665975539,
                "support": 72274.0
            },
            "weighted avg": {
                "precision": 0.9479766412579085,
                "recall": 0.9476298530591915,
                "f1-score": 0.9476866809207039,
                "support": 72274.0
            }
        },
        "model_size_mb": 0.8813905715942383
    },
    "Logistic Regression": {
        "classification_report": {
            "0": {
                "precision": 0.842982485856567,
                "recall": 0.772219463753724,
                "f1-score": 0.8060508883598141,
                "support": 32224.0
            },
            "1": {
                "precision": 0.8283241726113905,
                "recall": 0.8842696629213483,
                "f1-score": 0.8553831290381015,
                "support": 40050.0
            },
            "accuracy": 0.8343110938926862,
            "macro avg": {
                "precision": 0.8356533292339787,
                "recall": 0.8282445633375362,
                "f1-score": 0.8307170086989578,
                "support": 72274.0
            },
            "weighted avg": {
                "precision": 0.8348597107857348,
                "recall": 0.8343110938926862,
                "f1-score": 0.8333879146647841,
                "support": 72274.0
            }
        },
        "model_size_mb": 0.0013723373413085938
    }
}