{
    "Random Forest": {
        "classification_report": {
            "0": {
                "precision": 0.9742776169059207,
                "recall": 0.9814734359483615,
                "f1-score": 0.9778622885941316,
                "support": 32224.0
            },
            "1": {
                "precision": 0.9850045212498744,
                "recall": 0.9791510611735331,
                "f1-score": 0.9820690691442738,
                "support": 40050.0
            },
            "accuracy": 0.9801865124387746,
            "macro avg": {
                "precision": 0.9796410690778976,
                "recall": 0.9803122485609472,
                "f1-score": 0.9799656788692027,
                "support": 72274.0
            },
            "weighted avg": {
                "precision": 0.9802218363897648,
                "recall": 0.9801865124387746,
                "f1-score": 0.9801934389529495,
                "support": 72274.0
            }
        },
        "model_size_mb": 54.55214786529541
    },
    "Histogram-based Gradient Boosting Classification Tree": {
        "classification_report": {
            "0": {
                "precision": 0.9463815990701657,
                "recall": 0.9601849553128103,
                "f1-score": 0.9532333097137928,
                "support": 32224.0
            },
            "1": {
                "precision": 0.9675846387064174,
                "recall": 0.9562297128589263,
                "f1-score": 0.9618736657038804,
                "support": 40050.0
            },
            "accuracy": 0.9579931925727094,
            "macro avg": {
                "precision": 0.9569831188882916,
                "recall": 0.9582073340858683,
                "f1-score": 0.9575534877088366,
                "support": 72274.0
            },
            "weighted avg": {
                "precision": 0.9581310765784244,
                "recall": 0.9579931925727094,
                "f1-score": 0.9580212868204011,
                "support": 72274.0
            }
        },
        "model_size_mb": 1.884521484375
    },
    "Gradient Boosting": {
        "classification_report": {
            "0": {
                "precision": 0.9305938285437423,
                "recall": 0.9536680734856008,
                "f1-score": 0.9419896700231428,
                "support": 32224.0
            },
            "1": {
                "precision": 0.9619627525413366,
                "recall": 0.9427715355805243,
                "f1-score": 0.9522704631719651,
                "support": 40050.0
            },
            "accuracy": 0.9476298530591915,
            "macro avg": {
                "precision": 0.9462782905425394,
                "recall": 0.9482198045330625,
                "f1-score": 0.9471300665975539,
                "support": 72274.0
            },
            "weighted avg": {
                "precision": 0.9479766412579085,
                "recall": 0.9476298530591915,
                "f1-score": 0.9476866809207039,
                "support": 72274.0
            }
        },
        "model_size_mb": 0.8813905715942383
    },
    "Logistic Regression": {
        "classification_report": {
            "0": {
                "precision": 0.842982485856567,
                "recall": 0.772219463753724,
                "f1-score": 0.8060508883598141,
                "support": 32224.0
            },
            "1": {
                "precision": 0.8283241726113905,
                "recall": 0.8842696629213483,
                "f1-score": 0.8553831290381015,
                "support": 40050.0
            },
            "accuracy": 0.8343110938926862,
            "macro avg": {
                "precision": 0.8356533292339787,
                "recall": 0.8282445633375362,
                "f1-score": 0.8307170086989578,
                "support": 72274.0
            },
            "weighted avg": {
                "precision": 0.8348597107857348,
                "recall": 0.8343110938926862,
                "f1-score": 0.8333879146647841,
                "support": 72274.0
            }
        },
        "model_size_mb": 0.0013723373413085938
    },
    "RandomForest": {
        "classification_report": {
            "0": {
                "precision": 0.927553622318884,
                "recall": 0.9436899130169388,
                "f1-score": 0.935552193645991,
                "support": 6553.0
            },
            "1": {
                "precision": 0.9526194144838213,
                "recall": 0.9388762338648443,
                "f1-score": 0.945697896749522,
                "support": 7902.0
            },
            "accuracy": 0.9410584572812176,
            "macro avg": {
                "precision": 0.9400865184013527,
                "recall": 0.9412830734408916,
                "f1-score": 0.9406250451977565,
                "support": 14455.0
            },
            "weighted avg": {
                "precision": 0.9412561397652579,
                "recall": 0.9410584572812176,
                "f1-score": 0.9410984645504602,
                "support": 14455.0
            }
        },
        "model_size_mb": 60.32703495025635
    },
    "GradientBoosting": {
        "classification_report": {
            "0": {
                "precision": 0.9219475655430711,
                "recall": 0.9391118571646574,
                "f1-score": 0.9304505594194133,
                "support": 6553.0
            },
            "1": {
                "precision": 0.9487146529562982,
                "recall": 0.934067324727917,
                "f1-score": 0.9413340135186838,
                "support": 7902.0
            },
            "accuracy": 0.9363542026980284,
            "macro avg": {
                "precision": 0.9353311092496847,
                "recall": 0.9365895909462871,
                "f1-score": 0.9358922864690487,
                "support": 14455.0
            },
            "weighted avg": {
                "precision": 0.9365801165454455,
                "recall": 0.9363542026980284,
                "f1-score": 0.9364001307990354,
                "support": 14455.0
            }
        },
        "model_size_mb": 0.18356037139892578
    },
    "HistGradientBoosting": {
        "classification_report": {
            "0": {
                "precision": 0.9300090117152298,
                "recall": 0.9449107279108805,
                "f1-score": 0.9374006509726743,
                "support": 6553.0
            },
            "1": {
                "precision": 0.9537001410799025,
                "recall": 0.9410275879524171,
                "f1-score": 0.9473214854449328,
                "support": 7902.0
            },
            "accuracy": 0.9427879626426842,
            "macro avg": {
                "precision": 0.9418545763975661,
                "recall": 0.9429691579316488,
                "f1-score": 0.9423610682088035,
                "support": 14455.0
            },
            "weighted avg": {
                "precision": 0.9429600531707568,
                "recall": 0.9427879626426842,
                "f1-score": 0.9428239947291452,
                "support": 14455.0
            }
        },
        "model_size_mb": 0.35750579833984375
    },
    "LogisticRegression": {
        "classification_report": {
            "0": {
                "precision": 0.8514150943396226,
                "recall": 0.7712498092476728,
                "f1-score": 0.8093522299623669,
                "support": 6553.0
            },
            "1": {
                "precision": 0.8240403803263294,
                "recall": 0.8883826879271071,
                "f1-score": 0.8550027403933987,
                "support": 7902.0
            },
            "accuracy": 0.8352819093739191,
            "macro avg": {
                "precision": 0.837727737332976,
                "recall": 0.8298162485873899,
                "f1-score": 0.8321774851778828,