{
    "Random Forest": {
        "classification_report": {
            "0": {
                "precision": 0.9767003285071176,
                "recall": 0.9964622641509434,
                "f1-score": 0.9864823348694316,
                "support": 32224.0
            },
            "1": {
                "precision": 0.9971064521041677,
                "recall": 0.9808739076154807,
                "f1-score": 0.9889235726512939,
                "support": 40050.0
            },
            "accuracy": 0.9878241137891911,
            "macro avg": {
                "precision": 0.9869033903056427,
                "recall": 0.988668085883212,
                "f1-score": 0.9877029537603628,
                "support": 72274.0
            },
            "weighted avg": {
                "precision": 0.9880082020171193,
                "recall": 0.9878241137891911,
                "f1-score": 0.9878351252665811,
                "support": 72274.0
            }
        },
        "model_size_mb": 34.026787757873535
    },
    "Histogram-based Gradient Boosting Classification Tree": {
        "classification_report": {
            "0": {
                "precision": 0.9588938714499252,
                "recall": 0.9953761171797418,
                "f1-score": 0.9767944696531352,
                "support": 32224.0
            },
            "1": {
                "precision": 0.9961621677313002,
                "recall": 0.9656679151061174,
                "f1-score": 0.9806780434617237,
                "support": 40050.0
            },
            "accuracy": 0.9789135788803719,
            "macro avg": {
                "precision": 0.9775280195906126,
                "recall": 0.9805220161429296,
                "f1-score": 0.9787362565574295,
                "support": 72274.0
            },
            "weighted avg": {
                "precision": 0.9795457693117989,
                "recall": 0.9789135788803719,
                "f1-score": 0.9789465178452094,
                "support": 72274.0
            }
        },
        "model_size_mb": 1.884521484375
    },
    "Gradient Boosting": {
        "classification_report": {
            "0": {
                "precision": 0.9412266008404596,
                "recall": 0.9939486097318768,
                "f1-score": 0.9668694247807647,
                "support": 32224.0
            },
            "1": {
                "precision": 0.9949012942868348,
                "recall": 0.9500624219725343,
                "f1-score": 0.9719650041509675,
                "support": 40050.0
            },
            "accuracy": 0.9696294656446302,
            "macro avg": {
                "precision": 0.9680639475636472,
                "recall": 0.9720055158522056,
                "f1-score": 0.9694172144658662,
                "support": 72274.0
            },
            "weighted avg": {
                "precision": 0.9709699590678627,
                "recall": 0.9696294656446302,
                "f1-score": 0.9696930951708996,
                "support": 72274.0
            }
        },
        "model_size_mb": 0.8838176727294922
    },
    "Logistic Regression": {
        "classification_report": {
            "0": {
                "precision": 0.9020659515295987,
                "recall": 0.8455188679245284,
                "f1-score": 0.8728775549432947,
                "support": 32224.0
            },
            "1": {
                "precision": 0.8816734014737343,
                "recall": 0.9261423220973782,
                "f1-score": 0.903360935216756,
                "support": 40050.0
            },
            "accuracy": 0.8901956443534328,
            "macro avg": {
                "precision": 0.8918696765016665,
                "recall": 0.8858305950109533,
                "f1-score": 0.8881192450800253,
                "support": 72274.0
            },
            "weighted avg": {
                "precision": 0.8907655996777935,
                "recall": 0.8901956443534328,
                "f1-score": 0.889769651408858,
                "support": 72274.0
            }
        },
        "model_size_mb": 0.0013723373413085938
    }
}